/*
SQLyog Enterprise Trial - MySQL GUI v7.11 
MySQL - 5.7.18-log : Database - minibox
*********************************************************************
*/


/*Data for the table `admin` */

INSERT INTO `admin` (`admin_id`, `admin_name`, `password`)
VALUES (1, 'admin1', 'admin111'), (2, 'admin2', 'admin222'), (3, 'admin3', 'admin333');

/*Data for the table `box_info` */

INSERT INTO `box_info` (`box_id`, `box_size`, `box_status`, `group_id`)
VALUES (101, '小', '1', 1), (102, '小', '0', 1), (103, '小', '0', 1), (104, '小', '0', 1), (105, '小', '0', 1),
  (106, '小', '0', 1), (107, '小', '0', 1), (108, '小', '0', 1), (109, '小', '0', 1), (110, '小', '0', 1),
  (111, '小', '0', 1), (112, '小', '0', 1), (113, '小', '0', 1), (114, '小', '0', 1), (115, '小', '0', 1),
  (116, '小', '0', 1), (117, '小', '0', 1), (118, '小', '0', 1), (119, '小', '0', 1), (120, '小', '0', 1),
  (121, '小', '0', 1), (122, '小', '0', 1), (123, '小', '0', 1), (124, '小', '0', 1), (125, '小', '0', 1),
  (126, '小', '0', 1), (127, '小', '0', 1), (128, '小', '0', 1), (129, '小', '0', 1), (130, '小', '0', 1),
  (131, '大', '0', 1), (132, '大', '0', 1), (133, '大', '0', 1), (134, '大', '0', 1), (135, '大', '0', 1),
  (136, '大', '0', 1), (137, '大', '0', 1), (138, '大', '0', 1), (139, '大', '0', 1), (140, '大', '0', 1),
  (201, '小', '0', 2), (202, '小', '0', 2), (203, '小', '0', 2), (204, '小', '0', 2), (205, '小', '0', 2),
  (206, '小', '0', 2), (207, '小', '0', 2), (208, '小', '0', 2), (209, '小', '0', 2), (210, '小', '0', 2),
  (211, '小', '0', 2), (212, '小', '0', 2), (213, '小', '0', 2), (214, '小', '0', 2), (215, '小', '0', 2),
  (216, '小', '0', 2), (217, '小', '0', 2), (218, '小', '0', 2), (219, '小', '0', 2), (220, '小', '0', 2),
  (221, '小', '0', 2), (222, '小', '0', 2), (223, '小', '0', 2), (224, '小', '0', 2), (225, '小', '0', 2),
  (226, '小', '0', 2), (227, '小', '0', 2), (228, '小', '0', 2), (229, '小', '0', 2), (230, '小', '0', 2),
  (231, '大', '0', 2), (232, '大', '0', 2), (233, '大', '0', 2), (234, '大', '0', 2), (235, '大', '0', 2),
  (236, '大', '0', 2), (237, '大', '0', 2), (238, '大', '0', 2), (239, '大', '0', 2), (240, '大', '0', 2),
  (301, '小', '0', 3), (302, '小', '0', 3), (303, '小', '0', 3), (304, '小', '0', 3), (305, '小', '0', 3),
  (306, '小', '0', 3), (307, '小', '0', 3), (308, '小', '0', 3), (309, '小', '0', 3), (310, '小', '0', 3),
  (311, '小', '0', 3), (312, '小', '0', 3), (313, '小', '0', 3), (314, '小', '0', 3), (315, '小', '0', 3),
  (316, '小', '0', 3), (317, '小', '0', 3), (318, '小', '0', 3), (319, '小', '0', 3), (320, '小', '0', 3),
  (321, '小', '0', 3), (322, '小', '0', 3), (323, '小', '0', 3), (324, '小', '0', 3), (325, '小', '0', 3),
  (326, '小', '0', 3), (327, '小', '0', 3), (328, '小', '0', 3), (329, '小', '0', 3), (330, '小', '0', 3),
  (331, '大', '0', 3), (332, '大', '0', 3), (333, '大', '0', 3), (334, '大', '0', 3), (335, '大', '0', 3),
  (336, '大', '0', 3), (337, '大', '0', 3), (338, '大', '0', 3), (339, '大', '0', 3), (340, '大', '0', 3);

/*Data for the table `coupon` */

INSERT INTO `coupon` (`coupon_id`, `user_id`, `money`, `deadline_time`, `del_flag`)
VALUES (1, 2, 5, '2017-05-10 00:00:00', 1), (2, 2, 5, '2017-05-10 00:00:00', 0), (3, 2, 5, '2017-05-10 00:00:00', 0),
  (4, 2, 5, '2017-05-10 00:00:00', 0), (5, 2, 5, '2017-05-10 00:00:00', 0), (6, 1, 5, '2014-02-22 12:23:12', 0);

/*Data for the table `group_info` */

INSERT INTO `group_info` (`group_id`, `quantity`, `empty`, `lng`, `lat`, `position`)
VALUES (1, 40, 30, 106.5585506366, 29.5252427172, '重庆市南岸区南坪万达'),
  (2, 40, 40, 106.5705765784, 29.5235257349, '重庆市南岸区南坪星光时代'),
  (3, 40, 37, 106.5614449573, 29.5334359703, '重庆市南岸区南坪公交枢纽'), (4, 40, 19, 106.610757, 29.538921, '重庆市南岸区重庆邮电大学老校门'),
  (5, 40, 14, 106.611817, 29.541174, '重庆市南岸区重庆邮电大学新校门'), (6, 40, 1, 106.615554, 29.53891, '重庆市南岸区重庆邮电大学太极体育场西3门'),
  (7, 40, 40, 106.637701, 29.560988, '重庆市南岸区南山植物园'), (8, 40, 37, 106.583614, 29.563503, '重庆市渝中区解放碑步行街'),
  (9, 40, 38, 106.540436, 29.582244, '重庆市江北区观音桥好吃街'), (10, 40, 39, 106.648039, 29.727675, '重庆市渝北区江北国际机场'),
  (2501, 40, 40, 116.3161623489, 40.0153746854, '北京市海淀区北京大学(圆明园校区)'),
  (2502, 40, 36, 116.1904453961, 40.2469132138, '北京市昌平区北京大学(昌平校区)'),
  (2503, 40, 39, 116.3570401231, 39.7578759414, '北京市大兴区北京大学(大兴校区)'),
  (2504, 40, 38, 116.3312298913, 39.9798037546, '北京市海淀区北京大学附属中学'),
  (2505, 40, 39, 116.3571734052, 39.9837566384, '北京市海淀区北京大学医学部'),
  (2506, 40, 38, 116.3229277045, 40.0029548074, '北京市海淀区清华大学工字厅'),
  (2507, 40, 40, 116.3355091598, 39.9999648212, '北京市海淀区清华大学美术学院'),
  (2508, 40, 40, 116.3757742838, 40.1076647444, '北京市昌平区北京邮电大学(宏福校区)'),
  (2509, 40, 40, 116.3757742838, 40.1076647444, '北京市昌平区北京邮电大学(宏福校区)'),
  (2510, 40, 40, 116.2888464268, 40.1573991591, '北京市昌平区 北京邮电大学(沙河校区)'),
  (2511, 40, 40, 116.3565445252, 39.9605666118, '北京市海淀区北京邮电大学教学楼3'),
  (2512, 40, 40, 116.270240168, 40.1538852612, '北京市昌平区北京航空航天大学(沙河校区)'),
  (2513, 40, 40, 116.3512768375, 39.9841386559, '北京市海淀区北京航空航天大学主楼'),
  (2514, 40, 40, 116.3471868375, 39.9779786559, '北京市海淀区北京航空航天大学-学知楼');

/*Data for the table `order_info` */

INSERT INTO `order_info` (`order_id`, `user_id`, `group_id`, `box_id`, `pay_time`, `money`, `order_time`, `del_flag`)
VALUES (88, 195, 1, 101, NULL, 0.00, '2018-01-04 13:47:04', 0);

/*Data for the table `reservation_info` */

INSERT INTO `reservation_info` (`reservation_id`, `user_id`, `open_time`, `use_time`, `user_name`, `phone_number`, `group_id`, `del_flag`, `box_id`, `box_size`, `exp_flag`)
VALUES (124, 133, '2018-01-14 11:31:06', 1, 'jdndjdn', '18875143259', 2504, 0, 40331, '大', 1),
  (125, 133, '2018-01-14 14:22:34', 6, 'jdndjdn', '18875143259', 6, 0, 601, '小', 1),
  (126, 133, '2018-01-14 15:00:37', 6, 'jdndjdn', '18875143259', 2502, 0, 40131, '大', 1),
  (127, 133, '2018-01-14 14:15:53', 1, 'jdndjdn', '18875143259', 2506, 0, 40531, '大', 1),
  (128, 133, '2018-01-14 14:16:02', 1, 'jdndjdn', '18875143259', 3, 0, 331, '大', 1),
  (129, 133, '2018-01-14 16:57:25', 1, 'jdndjdn', '18875143259', 2506, 0, 40531, '大', 1),
  (130, 131, '2018-01-14 18:07:29', 1, 'May', '15808060138', 2502, 0, 40132, '大', 1),
  (131, 131, '2018-01-14 18:08:29', 1, 'May', '15808060138', 2502, 0, 40133, '大', 1),
  (132, 133, '2018-01-15 11:52:14', 1, 'jdndjdn', '18875143259', 2502, 0, 40131, '大', 1),
  (133, 133, '2018-01-15 12:18:22', 1, 'jdndjdn', '18875143259', 6, 0, 631, '大', 1),
  (134, 133, '2018-01-15 12:58:16', 1, 'jdndjdn', '18875143259', 6, 0, 632, '大', 1),
  (135, 133, '2018-01-15 15:16:04', 1, 'jdndjdn', '18875143259', 2503, 0, 40231, '大', 1),
  (136, 131, '2018-01-16 02:14:39', 1, 'May', '15808060138', 3, 0, 331, '大', 1),
  (137, 131, '2018-01-16 02:14:55', 1, 'May', '15808060138', 3, 0, 332, '大', 1),
  (138, 131, '2018-01-16 03:21:06', 1, 'May', '15808060138', 2505, 0, 40431, '大', 1),
  (139, 132, '2018-01-20 20:44:53', 1, 'jackmark', '15123905611', 4, 0, 431, '大', 1),
  (140, 132, '2018-01-20 20:44:57', 1, 'jackmark', '15123905611', 4, 0, 432, '大', 1),
  (141, 132, '2018-01-20 20:45:00', 1, 'jackmark', '15123905611', 4, 0, 433, '大', 1),
  (142, 132, '2018-01-20 20:45:00', 1, 'jackmark', '15123905611', 4, 0, 434, '大', 1),
  (143, 132, '2018-01-20 20:45:00', 1, 'jackmark', '15123905611', 4, 0, 435, '大', 1),
  (144, 132, '2018-01-20 20:45:00', 1, 'jackmark', '15123905611', 4, 0, 436, '大', 1),
  (145, 132, '2018-01-20 20:45:00', 1, 'jackmark', '15123905611', 4, 0, 437, '大', 1),
  (146, 132, '2018-01-20 20:45:23', 1, 'jackmark', '15123905611', 5, 0, 531, '大', 1),
  (147, 132, '2018-01-20 20:45:23', 1, 'jackmark', '15123905611', 5, 0, 532, '大', 1),
  (148, 132, '2018-01-20 20:45:23', 1, 'jackmark', '15123905611', 5, 0, 533, '大', 1),
  (149, 132, '2018-01-20 20:45:23', 1, 'jackmark', '15123905611', 5, 0, 534, '大', 1),
  (150, 132, '2018-01-20 20:45:23', 1, 'jackmark', '15123905611', 5, 0, 535, '大', 1),
  (151, 132, '2018-01-20 20:46:00', 1, 'jackmark', '15123905611', 6, 0, 601, '小', 1),
  (152, 132, '2018-01-20 20:46:16', 1, 'jackmark', '15123905611', 6, 0, 602, '小', 1),
  (153, 132, '2018-01-20 21:02:48', 1, 'jackmark', '15123905611', 10, 0, 1001, '小', 1),
  (154, 132, '2018-01-22 00:43:11', 1, 'jackmark', '15123905611', 6, 0, 601, '小', 1),
  (155, 132, '2018-01-22 00:43:11', 1, 'jackmark', '15123905611', 6, 0, 602, '小', 1),
  (156, 132, '2018-01-22 00:58:52', 1, 'jackmark', '15123905611', 9, 0, 931, '大', 1),
  (157, 132, '2018-01-22 00:58:52', 1, 'jackmark', '15123905611', 9, 0, 932, '大', 0),
  (158, 135, '2017-10-05 10:05:00', 3, 'mei', '15808060138', 0, 0, 102, '小', 0);

/*Data for the table `sale_info` */

/*Data for the table `user_info` */

INSERT INTO `user_info` (`user_id`, `username`, `password`, `true_name`, `phone_number`, `sex`, `email`, `verify_code`, `credibility`, `use_time`, `image`, `taken`)
VALUES (131, 'May', 'e10adc3949ba59abbe56e057f20f883e', NULL, '15808060138', '男', '', NULL, -1466270, 0, '1111',
        'eyJhbGciOiJIUzI1NiJ9.eyJleHAiOjE1MTYxMjk1NTYxNTQsInVzZXJJZCI6MTMxfQ.3IV9mwh6gUA5nGRV-80s4pIYC_Wn3br4YouQjTuZfAA'),
  (132, 'jackmark', 'e10adc3949ba59abbe56e057f20f883e', NULL, '15123905611', '男', '', NULL, -1453280, 0, NULL,
   'eyJhbGciOiJIUzI1NiJ9.eyJleHAiOjE1MTcwNTMwNjEwNjEsInVzZXJJZCI6MTMyfQ.Zxym63VzWb2t2TeOBzOv1Qm6Drz9KDI_ZQG5k-JQUWk'),
  (133, 'jdndjdn', '96e79218965eb72c92a549dd5a330112', NULL, '18875143259', '男', '', NULL, -848410, 0, NULL,
   'eyJhbGciOiJIUzI1NiJ9.eyJleHAiOjE1MTcyNzk5OTA3MTEsInVzZXJJZCI6MTMzfQ.iOd9ha1MMLEvxexqvcDJZSeSBTCcWD3pxzg3cRSyUuQ'),
  (134, '元sjjje', '96e79218965eb72c92a549dd5a330112', NULL, '15023188039', '女', '', NULL, 30, 0, NULL,
   'eyJhbGciOiJIUzI1NiJ9.eyJleHAiOjE1MTU5ODc2ODA5MzMsInVzZXJJZCI6MTM0fQ.Nt7bywL1kRL1FLAkAAmRr9dUme7Csl8YzbaPao-MzRE'),
  (135, 'zzq', 'e10adc3949ba59abbe56e057f20f883e', NULL, '18500944413', '男', '', NULL, 10, 0, NULL,
   'eyJhbGciOiJIUzI1NiJ9.eyJleHAiOjE1MTY5NTQ5NTkwMDYsInVzZXJJZCI6MTM1fQ.QvKJ27IqxW79zxxIeKmaTT9ezC6tVScw_iNa1a4-E9c');

/*Data for the table `verifycode` */

INSERT INTO `verifycode` (`phone_number`, `verify_code`)
VALUES ('15023188039', '543690'), ('15123905611', '197348'), ('15808060138', '302966'), ('18500944413', '135992'),
  ('18875143259', '719044'),('15808060137','111111');
