 -- MySQL dump 10.13  Distrib 5.7.20, for Linux (i686)
--
-- Host: localhost    Database: minibox
-- ------------------------------------------------------
-- Server version	5.7.20-0ubuntu0.16.04.1

/*!40101 SET @OLD_CHARACTER_SET_CLIENT=@@CHARACTER_SET_CLIENT */;
/*!40101 SET @OLD_CHARACTER_SET_RESULTS=@@CHARACTER_SET_RESULTS */;
/*!40101 SET @OLD_COLLATION_CONNECTION=@@COLLATION_CONNECTION */;
/*!40101 SET NAMES utf8 */;
/*!40103 SET @OLD_TIME_ZONE=@@TIME_ZONE */;
/*!40103 SET TIME_ZONE='+00:00' */;
/*!40014 SET @OLD_UNIQUE_CHECKS=@@UNIQUE_CHECKS, UNIQUE_CHECKS=0 */;
/*!40014 SET @OLD_FOREIGN_KEY_CHECKS=@@FOREIGN_KEY_CHECKS, FOREIGN_KEY_CHECKS=0 */;
/*!40101 SET @OLD_SQL_MODE=@@SQL_MODE, SQL_MODE='NO_AUTO_VALUE_ON_ZERO' */;
/*!40111 SET @OLD_SQL_NOTES=@@SQL_NOTES, SQL_NOTES=0 */;

--
-- Table structure for table `admin`
--

DROP TABLE IF EXISTS `admin`;
/*!40101 SET @saved_cs_client     = @@character_set_client */;
/*!40101 SET character_set_client = utf8 */;
CREATE TABLE `admin` (
  `admin_id` int(11) NOT NULL AUTO_INCREMENT,
  `admin_name` varchar(20) NOT NULL,
  `password` varchar(20) NOT NULL,
  PRIMARY KEY (`admin_id`)
) ENGINE=InnoDB AUTO_INCREMENT=4 DEFAULT CHARSET=utf8;
/*!40101 SET character_set_client = @saved_cs_client */;

--
-- Dumping data for table `admin`
--

LOCK TABLES `admin` WRITE;
/*!40000 ALTER TABLE `admin` DISABLE KEYS */;
INSERT INTO `admin` VALUES (1,'admin1','admin111'),(2,'admin2','admin222'),(3,'admin3','admin333');
/*!40000 ALTER TABLE `admin` ENABLE KEYS */;
UNLOCK TABLES;

--
-- Table structure for table `box_info`
--

DROP TABLE IF EXISTS `box_info`;
/*!40101 SET @saved_cs_client     = @@character_set_client */;
/*!40101 SET character_set_client = utf8 */;
CREATE TABLE `box_info` (
  `box_id` int(10) NOT NULL,
  `box_size` varchar(4) NOT NULL,
  `box_status` varchar(4) NOT NULL,
  `group_id` int(6) NOT NULL
) ENGINE=InnoDB DEFAULT CHARSET=utf8;
/*!40101 SET character_set_client = @saved_cs_client */;

--
-- Dumping data for table `box_info`
--

LOCK TABLES `box_info` WRITE;
/*!40000 ALTER TABLE `box_info` DISABLE KEYS */;
INSERT INTO `box_info` VALUES (101,'小','0',1),(102,'小','0',1),(103,'小','0',1),(104,'小','0',1),(105,'小','0',1),(106,'小','0',1),(107,'小','0',1),(108,'小','0',1),(109,'小','0',1),(110,'小','0',1),(111,'小','0',1),(112,'小','0',1),(113,'小','0',1),(114,'小','0',1),(115,'小','0',1),(116,'小','0',1),(117,'小','0',1),(118,'小','0',1),(119,'小','0',1),(120,'小','0',1),(121,'小','0',1),(122,'小','0',1),(123,'小','0',1),(124,'小','0',1),(125,'小','0',1),(126,'小','0',1),(127,'小','0',1),(128,'小','0',1),(129,'小','0',1),(130,'小','0',1),(131,'大','0',1),(132,'大','0',1),(133,'大','0',1),(134,'大','0',1),(135,'大','0',1),(136,'大','0',1),(137,'大','0',1),(138,'大','0',1),(139,'大','0',1),(140,'大','0',1),(201,'小','0',2),(202,'小','0',2),(203,'小','0',2),(204,'小','0',2),(205,'小','0',2),(206,'小','0',2),(207,'小','0',2),(208,'小','0',2),(209,'小','0',2),(210,'小','0',2),(211,'小','0',2),(212,'小','0',2),(213,'小','0',2),(214,'小','0',2),(215,'小','0',2),(216,'小','0',2),(217,'小','0',2),(218,'小','0',2),(219,'小','0',2),(220,'小','0',2),(221,'小','0',2),(222,'小','0',2),(223,'小','0',2),(224,'小','0',2),(225,'小','0',2),(226,'小','0',2),(227,'小','0',2),(228,'小','0',2),(229,'小','0',2),(230,'小','0',2),(231,'大','0',2),(232,'大','0',2),(233,'大','0',2),(234,'大','0',2),(235,'大','0',2),(236,'大','0',2),(237,'大','0',2),(238,'大','0',2),(239,'大','0',2),(240,'大','0',2),(301,'小','0',3),(302,'小','0',3),(303,'小','0',3),(304,'小','0',3),(305,'小','0',3),(306,'小','0',3),(307,'小','0',3),(308,'小','0',3),(309,'小','0',3),(310,'小','0',3),(311,'小','0',3),(312,'小','0',3),(313,'小','0',3),(314,'小','0',3),(315,'小','0',3),(316,'小','0',3),(317,'小','0',3),(318,'小','0',3),(319,'小','0',3),(320,'小','0',3),(321,'小','0',3),(322,'小','0',3),(323,'小','0',3),(324,'小','0',3),(325,'小','0',3),(326,'小','0',3),(327,'小','0',3),(328,'小','0',3),(329,'小','0',3),(330,'小','0',3),(331,'大','0',3),(332,'大','0',3),(333,'大','0',3),(334,'大','0',3),(335,'大','0',3),(336,'大','0',3),(337,'大','0',3),(338,'大','0',3),(339,'大','0',3),(340,'大','0',3),(401,'小','0',4),(402,'小','0',4),(403,'小','0',4),(404,'小','0',4),(405,'小','0',4),(406,'小','0',4),(407,'小','0',4),(408,'小','0',4),(409,'小','0',4),(410,'小','0',4),(411,'小','0',4),(412,'小','0',4),(413,'小','0',4),(414,'小','0',4),(415,'小','0',4),(416,'小','0',4),(417,'小','0',4),(418,'小','0',4),(419,'小','0',4),(420,'小','0',4),(421,'小','0',4),(422,'小','0',4),(423,'小','0',4),(424,'小','0',4),(425,'小','0',4),(426,'小','0',4),(427,'小','0',4),(428,'小','0',4),(429,'小','0',4),(430,'小','0',4),(431,'大','0',4),(432,'大','0',4),(433,'大','0',4),(434,'大','0',4),(435,'大','0',4),(436,'大','0',4),(437,'大','0',4),(438,'大','0',4),(439,'大','0',4),(440,'大','0',4),(501,'小','0',5),(502,'小','0',5),(503,'小','0',5),(504,'小','0',5),(505,'小','0',5),(506,'小','0',5),(507,'小','0',5),(508,'小','0',5),(509,'小','0',5),(510,'小','0',5),(511,'小','0',5),(512,'小','0',5),(513,'小','0',5),(514,'小','0',5),(515,'小','0',5),(516,'小','0',5),(517,'小','0',5),(518,'小','0',5),(519,'小','0',5),(520,'小','0',5),(521,'小','0',5),(522,'小','0',5),(523,'小','0',5),(524,'小','0',5),(525,'小','0',5),(526,'小','0',5),(527,'小','0',5),(528,'小','0',5),(529,'小','0',5),(530,'小','0',5),(531,'大','0',5),(532,'大','0',5),(533,'大','0',5),(534,'大','0',5),(535,'大','0',5),(536,'大','0',5),(537,'大','0',5),(538,'大','0',5),(539,'大','0',5),(540,'大','0',5),(601,'小','0',6),(602,'小','0',6),(603,'小','0',6),(604,'小','0',6),(605,'小','0',6),(606,'小','0',6),(607,'小','0',6),(608,'小','0',6),(609,'小','0',6),(610,'小','0',6),(611,'小','0',6),(612,'小','0',6),(613,'小','0',6),(614,'小','0',6),(615,'小','0',6),(616,'小','0',6),(617,'小','0',6),(618,'小','0',6),(619,'小','0',6),(620,'小','0',6),(621,'小','0',6),(622,'小','0',6),(623,'小','0',6),(624,'小','0',6),(625,'小','0',6),(626,'小','0',6),(627,'小','0',6),(628,'小','0',6),(629,'小','0',6),(630,'小','0',6),(631,'大','0',6),(632,'大','0',6),(633,'大','0',6),(634,'大','0',6),(635,'大','0',6),(636,'大','0',6),(637,'大','0',6),(638,'大','0',6),(639,'大','0',6),(640,'大','0',6),(701,'小','0',7),(702,'小','0',7),(703,'小','0',7),(704,'小','0',7),(705,'小','0',7),(706,'小','0',7),(707,'小','0',7),(708,'小','0',7),(709,'小','0',7),(710,'小','0',7),(711,'小','0',7),(712,'小','0',7),(713,'小','0',7),(714,'小','0',7),(715,'小','0',7),(716,'小','0',7),(717,'小','0',7),(718,'小','0',7),(719,'小','0',7),(720,'小','0',7),(721,'小','0',7),(722,'小','0',7),(723,'小','0',7),(724,'小','0',7),(725,'小','0',7),(726,'小','0',7),(727,'小','0',7),(728,'小','0',7),(729,'小','0',7),(730,'小','0',7),(731,'大','0',7),(732,'大','0',7),(733,'大','0',7),(734,'大','0',7),(735,'大','0',7),(736,'大','0',7),(737,'大','0',7),(738,'大','0',7),(739,'大','0',7),(740,'大','0',7),(801,'小','0',8),(802,'小','0',8),(803,'小','0',8),(804,'小','0',8),(805,'小','0',8),(806,'小','0',8),(807,'小','0',8),(808,'小','0',8),(809,'小','0',8),(810,'小','0',8),(811,'小','0',8),(812,'小','0',8),(813,'小','0',8),(814,'小','0',8),(815,'小','0',8),(816,'小','0',8),(817,'小','0',8),(818,'小','0',8),(819,'小','0',8),(820,'小','0',8),(821,'小','0',8),(822,'小','0',8),(823,'小','0',8),(824,'小','0',8),(825,'小','0',8),(826,'小','0',8),(827,'小','0',8),(828,'小','0',8),(829,'小','0',8),(830,'小','0',8),(831,'大','0',8),(832,'大','0',8),(833,'大','0',8),(834,'大','0',8),(835,'大','0',8),(836,'大','0',8),(837,'大','0',8),(838,'大','0',8),(839,'大','0',8),(840,'大','0',8),(901,'小','0',9),(902,'小','0',9),(903,'小','0',9),(904,'小','0',9),(905,'小','0',9),(906,'小','0',9),(907,'小','0',9),(908,'小','0',9),(909,'小','0',9),(910,'小','0',9),(911,'小','0',9),(912,'小','0',9),(913,'小','0',9),(914,'小','0',9),(915,'小','0',9),(916,'小','0',9),(917,'小','0',9),(918,'小','0',9),(919,'小','0',9),(920,'小','0',9),(921,'小','0',9),(922,'小','0',9),(923,'小','0',9),(924,'小','0',9),(925,'小','0',9),(926,'小','0',9),(927,'小','0',9),(928,'小','0',9),(929,'小','0',9),(930,'小','0',9),(931,'大','0',9),(932,'大','0',9),(933,'大','0',9),(934,'大','0',9),(935,'大','0',9),(936,'大','0',9),(937,'大','0',9),(938,'大','0',9),(939,'大','0',9),(940,'大','0',9),(1001,'小','0',10),(1002,'小','0',10),(1003,'小','0',10),(1004,'小','0',10),(1005,'小','0',10),(1006,'小','0',10),(1007,'小','0',10),(1008,'小','0',10),(1009,'小','0',10),(1010,'小','0',10),(1011,'小','0',10),(1012,'小','0',10),(1013,'小','0',10),(1014,'小','0',10),(1015,'小','0',10),(1016,'小','0',10),(1017,'小','0',10),(1018,'小','0',10),(1019,'小','0',10),(1020,'小','0',10),(1021,'小','0',10),(1022,'小','0',10),(1023,'小','0',10),(1024,'小','0',10),(1025,'小','0',10),(1026,'小','0',10),(1027,'小','0',10),(1028,'小','0',10),(1029,'小','0',10),(1030,'小','0',10),(1031,'大','0',10),(1032,'大','0',10),(1033,'大','0',10),(1034,'大','0',10),(1035,'大','0',10),(1036,'大','0',10),(1037,'大','0',10),(1038,'大','0',10),(1039,'大','0',10),(1040,'大','0',10),(1132,'大','0',1),(40001,'小','0',2501),(40002,'小','0',2501),(40003,'小','0',2501),(40004,'小','0',2501),(40005,'小','0',2501),(40006,'小','0',2501),(40007,'小','0',2501),(40008,'小','0',2501),(40009,'小','0',2501),(40010,'小','0',2501),(40011,'小','0',2501),(40012,'小','0',2501),(40013,'小','0',2501),(40014,'小','0',2501),(40015,'小','0',2501),(40016,'小','0',2501),(40017,'小','0',2501),(40018,'小','0',2501),(40019,'小','0',2501),(40020,'小','0',2501),(40021,'小','0',2501),(40022,'小','0',2501),(40023,'小','0',2501),(40024,'小','0',2501),(40025,'小','0',2501),(40026,'小','0',2501),(40027,'小','0',2501),(40028,'小','0',2501),(40029,'小','0',2501),(40030,'小','0',2501),(40031,'大','0',2501),(40032,'大','0',2501),(40033,'大','0',2501),(40034,'大','0',2501),(40035,'大','0',2501),(40036,'大','0',2501),(40037,'大','0',2501),(40038,'大','0',2501),(40039,'大','0',2501),(40040,'大','0',2501),(40101,'小','0',2502),(40102,'小','0',2502),(40103,'小','0',2502),(40104,'小','0',2502),(40105,'小','0',2502),(40106,'小','0',2502),(40107,'小','0',2502),(40108,'小','0',2502),(40109,'小','0',2502),(40110,'小','0',2502),(40111,'小','0',2502),(40112,'小','0',2502),(40113,'小','0',2502),(40114,'小','0',2502),(40115,'小','0',2502),(40116,'小','0',2502),(40117,'小','0',2502),(40118,'小','0',2502),(40119,'小','0',2502),(40120,'小','0',2502),(40121,'小','0',2502),(40122,'小','0',2502),(40123,'小','0',2502),(40124,'小','0',2502),(40125,'小','0',2502),(40126,'小','0',2502),(40127,'小','0',2502),(40128,'小','0',2502),(40129,'小','0',2502),(40130,'小','0',2502),(40131,'大','0',2502),(40132,'大','0',2502),(40133,'大','0',2502),(40134,'大','0',2502),(40135,'大','0',2502),(40136,'大','0',2502),(40137,'大','0',2502),(40138,'大','0',2502),(40139,'大','0',2502),(40140,'大','0',2502),(40201,'小','0',2503),(40202,'小','0',2503),(40203,'小','0',2503),(40204,'小','0',2503),(40205,'小','0',2503),(40206,'小','0',2503),(40207,'小','0',2503),(40208,'小','0',2503),(40209,'小','0',2503),(40210,'小','0',2503),(40211,'小','0',2503),(40212,'小','0',2503),(40213,'小','0',2503),(40214,'小','0',2503),(40215,'小','0',2503),(40216,'小','0',2503),(40217,'小','0',2503),(40218,'小','0',2503),(40219,'小','0',2503),(40220,'小','0',2503),(40221,'小','0',2503),(40222,'小','0',2503),(40223,'小','0',2503),(40224,'小','0',2503),(40225,'小','0',2503),(40226,'小','0',2503),(40227,'小','0',2503),(40228,'小','0',2503),(40229,'小','0',2503),(40230,'小','0',2503),(40231,'大','0',2503),(40232,'大','0',2503),(40233,'大','0',2503),(40234,'大','0',2503),(40235,'大','0',2503),(40236,'大','0',2503),(40237,'大','0',2503),(40238,'大','0',2503),(40239,'大','0',2503),(40240,'大','0',2503),(40301,'小','0',2504),(40302,'小','0',2504),(40303,'小','0',2504),(40304,'小','0',2504),(40305,'小','0',2504),(40306,'小','0',2504),(40307,'小','0',2504),(40308,'小','0',2504),(40309,'小','0',2504),(40310,'小','0',2504),(40311,'小','0',2504),(40312,'小','0',2504),(40313,'小','0',2504),(40314,'小','0',2504),(40315,'小','0',2504),(40316,'小','0',2504),(40317,'小','0',2504),(40318,'小','0',2504),(40319,'小','0',2504),(40320,'小','0',2504),(40321,'小','0',2504),(40322,'小','0',2504),(40323,'小','0',2504),(40324,'小','0',2504),(40325,'小','0',2504),(40326,'小','0',2504),(40327,'小','0',2504),(40328,'小','0',2504),(40329,'小','0',2504),(40330,'小','0',2504),(40331,'大','0',2504),(40332,'大','0',2504),(40333,'大','0',2504),(40334,'大','0',2504),(40335,'大','0',2504),(40336,'大','0',2504),(40337,'大','0',2504),(40338,'大','0',2504),(40339,'大','0',2504),(40340,'大','0',2504),(40401,'小','0',2505),(40402,'小','0',2505),(40403,'小','0',2505),(40404,'小','0',2505),(40405,'小','0',2505),(40406,'小','0',2505),(40407,'小','0',2505),(40408,'小','0',2505),(40409,'小','0',2505),(40410,'小','0',2505),(40411,'小','0',2505),(40412,'小','0',2505),(40413,'小','0',2505),(40414,'小','0',2505),(40415,'小','0',2505),(40416,'小','0',2505),(40417,'小','0',2505),(40418,'小','0',2505),(40419,'小','0',2505),(40420,'小','0',2505),(40421,'小','0',2505),(40422,'小','0',2505),(40423,'小','0',2505),(40424,'小','0',2505),(40425,'小','0',2505),(40426,'小','0',2505),(40427,'小','0',2505),(40428,'小','0',2505),(40429,'小','0',2505),(40430,'小','0',2505),(40431,'大','0',2505),(40432,'大','0',2505),(40433,'大','0',2505),(40434,'大','0',2505),(40435,'大','0',2505),(40436,'大','0',2505),(40437,'大','0',2505),(40438,'大','0',2505),(40439,'大','0',2505),(40440,'大','0',2505),(40501,'小','0',2506),(40502,'小','0',2506),(40503,'小','0',2506),(40504,'小','0',2506),(40505,'小','0',2506),(40506,'小','0',2506),(40507,'小','0',2506),(40508,'小','0',2506),(40509,'小','0',2506),(40510,'小','0',2506),(40511,'小','0',2506),(40512,'小','0',2506),(40513,'小','0',2506),(40514,'小','0',2506),(40515,'小','0',2506),(40516,'小','0',2506),(40517,'小','0',2506),(40518,'小','0',2506),(40519,'小','0',2506),(40520,'小','0',2506),(40521,'小','0',2506),(40522,'小','0',2506),(40523,'小','0',2506),(40524,'小','0',2506),(40525,'小','0',2506),(40526,'小','0',2506),(40527,'小','0',2506),(40528,'小','0',2506),(40529,'小','0',2506),(40530,'小','0',2506),(40531,'大','0',2506),(40532,'大','0',2506),(40533,'大','0',2506),(40534,'大','0',2506),(40535,'大','0',2506),(40536,'大','0',2506),(40537,'大','0',2506),(40538,'大','0',2506),(40539,'大','0',2506),(40540,'大','0',2506),(40601,'小','0',2507),(40602,'小','0',2507),(40603,'小','0',2507),(40604,'小','0',2507),(40605,'小','0',2507),(40606,'小','0',2507),(40607,'小','0',2507),(40608,'小','0',2507),(40609,'小','0',2507),(40610,'小','0',2507),(40611,'小','0',2507),(40612,'小','0',2507),(40613,'小','0',2507),(40614,'小','0',2507),(40615,'小','0',2507),(40616,'小','0',2507),(40617,'小','0',2507),(40618,'小','0',2507),(40619,'小','0',2507),(40620,'小','0',2507),(40621,'小','0',2507),(40622,'小','0',2507),(40623,'小','0',2507),(40624,'小','0',2507),(40625,'小','0',2507),(40626,'小','0',2507),(40627,'小','0',2507),(40628,'小','0',2507),(40629,'小','0',2507),(40630,'小','0',2507),(40631,'大','0',2507),(40632,'大','0',2507),(40633,'大','0',2507),(40634,'大','0',2507),(40635,'大','0',2507),(40636,'大','0',2507),(40637,'大','0',2507),(40638,'大','0',2507),(40639,'大','0',2507),(40640,'大','0',2507),(40701,'小','0',2508),(40702,'小','0',2508),(40703,'小','0',2508),(40704,'小','0',2508),(40705,'小','0',2508),(40706,'小','0',2508),(40707,'小','0',2508),(40708,'小','0',2508),(40709,'小','0',2508),(40710,'小','0',2508),(40711,'小','0',2508),(40712,'小','0',2508),(40713,'小','0',2508),(40714,'小','0',2508),(40715,'小','0',2508),(40716,'小','0',2508),(40717,'小','0',2508),(40718,'小','0',2508),(40719,'小','0',2508),(40720,'小','0',2508),(40721,'小','0',2508),(40722,'小','0',2508),(40723,'小','0',2508),(40724,'小','0',2508),(40725,'小','0',2508),(40726,'小','0',2508),(40727,'小','0',2508),(40728,'小','0',2508),(40729,'小','0',2508),(40730,'小','0',2508),(40731,'大','0',2508),(40732,'大','0',2508),(40733,'大','0',2508),(40734,'大','0',2508),(40735,'大','0',2508),(40736,'大','0',2508),(40737,'大','0',2508),(40738,'大','0',2508),(40739,'大','0',2508),(40740,'大','0',2508),(40801,'小','0',2509),(40802,'小','0',2509),(40803,'小','0',2509),(40804,'小','0',2509),(40805,'小','0',2509),(40806,'小','0',2509),(40807,'小','0',2509),(40808,'小','0',2509),(40809,'小','0',2509),(40810,'小','0',2509),(40811,'小','0',2509),(40812,'小','0',2509),(40813,'小','0',2509),(40814,'小','0',2509),(40815,'小','0',2509),(40816,'小','0',2509),(40817,'小','0',2509),(40818,'小','0',2509),(40819,'小','0',2509),(40820,'小','0',2509),(40821,'小','0',2509),(40822,'小','0',2509),(40823,'小','0',2509),(40824,'小','0',2509),(40825,'小','0',2509),(40826,'小','0',2509),(40827,'小','0',2509),(40828,'小','0',2509),(40829,'小','0',2509),(40830,'小','0',2509),(40831,'大','0',2509),(40832,'大','0',2509),(40833,'大','0',2509),(40834,'大','0',2509),(40835,'大','0',2509),(40836,'大','0',2509),(40837,'大','0',2509),(40838,'大','0',2509),(40839,'大','0',2509),(40840,'大','0',2509),(40901,'小','0',2510),(40902,'小','0',2510),(40903,'小','0',2510),(40904,'小','0',2510),(40905,'小','0',2510),(40906,'小','0',2510),(40907,'小','0',2510),(40908,'小','0',2510),(40909,'小','0',2510),(40910,'小','0',2510),(40911,'小','0',2510),(40912,'小','0',2510),(40913,'小','0',2510),(40914,'小','0',2510),(40915,'小','0',2510),(40916,'小','0',2510),(40917,'小','0',2510),(40918,'小','0',2510),(40919,'小','0',2510),(40920,'小','0',2510),(40921,'小','0',2510),(40922,'小','0',2510),(40923,'小','0',2510),(40924,'小','0',2510),(40925,'小','0',2510),(40926,'小','0',2510),(40927,'小','0',2510),(40928,'小','0',2510),(40929,'小','0',2510),(40930,'小','0',2510),(40931,'大','0',2510),(40932,'大','0',2510),(40933,'大','0',2510),(40934,'大','0',2510),(40935,'大','0',2510),(40936,'大','0',2510),(40937,'大','0',2510),(40938,'大','0',2510),(40939,'大','0',2510),(40940,'大','0',2510),(41001,'小','0',2511),(41002,'小','0',2511),(41003,'小','0',2511),(41004,'小','0',2511),(41005,'小','0',2511),(41006,'小','0',2511),(41007,'小','0',2511),(41008,'小','0',2511),(41009,'小','0',2511),(41010,'小','0',2511),(41011,'小','0',2511),(41012,'小','0',2511),(41013,'小','0',2511),(41014,'小','0',2511),(41015,'小','0',2511),(41016,'小','0',2511),(41017,'小','0',2511),(41018,'小','0',2511),(41019,'小','0',2511),(41020,'小','0',2511),(41021,'小','0',2511),(41022,'小','0',2511),(41023,'小','0',2511),(41024,'小','0',2511),(41025,'小','0',2511),(41026,'小','0',2511),(41027,'小','0',2511),(41028,'小','0',2511),(41029,'小','0',2511),(41030,'小','0',2511),(41031,'大','0',2511),(41032,'大','0',2511),(41033,'大','0',2511),(41034,'大','0',2511),(41035,'大','0',2511),(41036,'大','0',2511),(41037,'大','0',2511),(41038,'大','0',2511),(41039,'大','0',2511),(41040,'大','0',2511),(41101,'小','0',2512),(41102,'小','0',2512),(41103,'小','0',2512),(41104,'小','0',2512),(41105,'小','0',2512),(41106,'小','0',2512),(41107,'小','0',2512),(41108,'小','0',2512),(41109,'小','0',2512),(41110,'小','0',2512),(41111,'小','0',2512),(41112,'小','0',2512),(41113,'小','0',2512),(41114,'小','0',2512),(41115,'小','0',2512),(41116,'小','0',2512),(41117,'小','0',2512),(41118,'小','0',2512),(41119,'小','0',2512),(41120,'小','0',2512),(41121,'小','0',2512),(41122,'小','0',2512),(41123,'小','0',2512),(41124,'小','0',2512),(41125,'小','0',2512),(41126,'小','0',2512),(41127,'小','0',2512),(41128,'小','0',2512),(41129,'小','0',2512),(41130,'小','0',2512),(41131,'大','0',2512),(41132,'大','0',2512),(41133,'大','0',2512),(41134,'大','0',2512),(41135,'大','0',2512),(41136,'大','0',2512),(41137,'大','0',2512),(41138,'大','0',2512),(41139,'大','0',2512),(41140,'大','0',2512),(41201,'小','0',2513),(41202,'小','0',2513),(41203,'小','0',2513),(41204,'小','0',2513),(41205,'小','0',2513),(41206,'小','0',2513),(41207,'小','0',2513),(41208,'小','0',2513),(41209,'小','0',2513),(41210,'小','0',2513),(41211,'小','0',2513),(41212,'小','0',2513),(41213,'小','0',2513),(41214,'小','0',2513),(41215,'小','0',2513),(41216,'小','0',2513),(41217,'小','0',2513),(41218,'小','0',2513),(41219,'小','0',2513),(41220,'小','0',2513),(41221,'小','0',2513),(41222,'小','0',2513),(41223,'小','0',2513),(41224,'小','0',2513),(41225,'小','0',2513),(41226,'小','0',2513),(41227,'小','0',2513),(41228,'小','0',2513),(41229,'小','0',2513),(41230,'小','0',2513),(41231,'大','0',2513),(41232,'大','0',2513),(41233,'大','0',2513),(41234,'大','0',2513),(41235,'大','0',2513),(41236,'大','0',2513),(41237,'大','0',2513),(41238,'大','0',2513),(41239,'大','0',2513),(41240,'大','0',2513),(41301,'小','0',2514),(41302,'小','0',2514),(41303,'小','0',2514),(41304,'小','0',2514),(41305,'小','0',2514),(41306,'小','0',2514),(41307,'小','0',2514),(41308,'小','0',2514),(41309,'小','0',2514),(41310,'小','0',2514),(41311,'小','0',2514),(41312,'小','0',2514),(41313,'小','0',2514),(41314,'小','0',2514),(41315,'小','0',2514),(41316,'小','0',2514),(41317,'小','0',2514),(41318,'小','0',2514),(41319,'小','0',2514),(41320,'小','0',2514),(41321,'小','0',2514),(41322,'小','0',2514),(41323,'小','0',2514),(41324,'小','0',2514),(41325,'小','0',2514),(41326,'小','0',2514),(41327,'小','0',2514),(41328,'小','0',2514),(41329,'小','0',2514),(41330,'小','0',2514),(41331,'大','0',2514),(41332,'大','0',2514),(41333,'大','0',2514),(41334,'大','0',2514),(41335,'大','0',2514),(41336,'大','0',2514),(41337,'大','0',2514),(41338,'大','0',2514),(41339,'大','0',2514),(41340,'大','0',2514);
/*!40000 ALTER TABLE `box_info` ENABLE KEYS */;
UNLOCK TABLES;

--
-- Table structure for table `coupon`
--

DROP TABLE IF EXISTS `coupon`;
/*!40101 SET @saved_cs_client     = @@character_set_client */;
/*!40101 SET character_set_client = utf8 */;
CREATE TABLE `coupon` (
  `coupon_id` int(11) NOT NULL AUTO_INCREMENT,
  `user_id` int(11) DEFAULT NULL,
  `money` int(5) DEFAULT NULL,
  `deadline_time` datetime DEFAULT NULL,
  `del_flag` tinyint(1) DEFAULT '0',
  PRIMARY KEY (`coupon_id`)
) ENGINE=InnoDB AUTO_INCREMENT=6 DEFAULT CHARSET=utf8;
/*!40101 SET character_set_client = @saved_cs_client */;

--
-- Dumping data for table `coupon`
--

LOCK TABLES `coupon` WRITE;
/*!40000 ALTER TABLE `coupon` DISABLE KEYS */;
INSERT INTO `coupon` VALUES (1,2,5,'2017-05-10 00:00:00',1),(2,2,5,'2017-05-10 00:00:00',0),(3,2,5,'2017-05-10 00:00:00',0),(4,2,5,'2017-05-10 00:00:00',0),(5,2,5,'2017-05-10 00:00:00',0);
/*!40000 ALTER TABLE `coupon` ENABLE KEYS */;
UNLOCK TABLES;

--
-- Table structure for table `group_info`
--

DROP TABLE IF EXISTS `group_info`;
/*!40101 SET @saved_cs_client     = @@character_set_client */;
/*!40101 SET character_set_client = utf8 */;
CREATE TABLE `group_info` (
  `group_id` int(8) unsigned NOT NULL AUTO_INCREMENT,
  `quantity` int(11) NOT NULL DEFAULT '40',
  `empty` int(11) NOT NULL,
  `lng` double NOT NULL,
  `lat` double NOT NULL,
  `position` varchar(40) NOT NULL,
  PRIMARY KEY (`group_id`),
  KEY `group_id` (`group_id`)
) ENGINE=InnoDB AUTO_INCREMENT=2515 DEFAULT CHARSET=utf8;
/*!40101 SET character_set_client = @saved_cs_client */;

--
-- Dumping data for table `group_info`
--

LOCK TABLES `group_info` WRITE;
/*!40000 ALTER TABLE `group_info` DISABLE KEYS */;
INSERT INTO `group_info` VALUES (1,40,30,106.5585506366,29.5252427172,'重庆市南岸区南坪万达'),(2,40,40,106.5705765784,29.5235257349,'重庆市南岸区南坪星光时代'),(3,40,37,106.5614449573,29.5334359703,'重庆市南岸区南坪公交枢纽'),(4,40,19,106.610757,29.538921,'重庆市南岸区重庆邮电大学老校门'),(5,40,14,106.611817,29.541174,'重庆市南岸区重庆邮电大学新校门'),(6,40,1,106.615554,29.53891,'重庆市南岸区重庆邮电大学太极体育场西3门'),(7,40,40,106.637701,29.560988,'重庆市南岸区南山植物园'),(8,40,37,106.583614,29.563503,'重庆市渝中区解放碑步行街'),(9,40,38,106.540436,29.582244,'重庆市江北区观音桥好吃街'),(10,40,39,106.648039,29.727675,'重庆市渝北区江北国际机场'),(2501,40,40,116.3161623489,40.0153746854,'北京市海淀区北京大学(圆明园校区)'),(2502,40,36,116.1904453961,40.2469132138,'北京市昌平区北京大学(昌平校区)'),(2503,40,39,116.3570401231,39.7578759414,'北京市大兴区北京大学(大兴校区)'),(2504,40,38,116.3312298913,39.9798037546,'北京市海淀区北京大学附属中学'),(2505,40,39,116.3571734052,39.9837566384,'北京市海淀区北京大学医学部'),(2506,40,38,116.3229277045,40.0029548074,'北京市海淀区清华大学工字厅'),(2507,40,40,116.3355091598,39.9999648212,'北京市海淀区清华大学美术学院'),(2508,40,40,116.3757742838,40.1076647444,'北京市昌平区北京邮电大学(宏福校区)'),(2509,40,40,116.3757742838,40.1076647444,'北京市昌平区北京邮电大学(宏福校区)'),(2510,40,40,116.2888464268,40.1573991591,'北京市昌平区 北京邮电大学(沙河校区)'),(2511,40,40,116.3565445252,39.9605666118,'北京市海淀区北京邮电大学教学楼3'),(2512,40,40,116.270240168,40.1538852612,'北京市昌平区北京航空航天大学(沙河校区)'),(2513,40,40,116.3512768375,39.9841386559,'北京市海淀区北京航空航天大学主楼'),(2514,40,40,116.3471868375,39.9779786559,'北京市海淀区北京航空航天大学-学知楼');
/*!40000 ALTER TABLE `group_info` ENABLE KEYS */;
UNLOCK TABLES;

--
-- Table structure for table `order_info`
--

DROP TABLE IF EXISTS `order_info`;
/*!40101 SET @saved_cs_client     = @@character_set_client */;
/*!40101 SET character_set_client = utf8 */;
CREATE TABLE `order_info` (
  `order_id` int(12) NOT NULL AUTO_INCREMENT,
  `user_id` int(11) NOT NULL,
  `group_id` int(8) NOT NULL,
  `box_id` int(10) NOT NULL,
  `pay_time` datetime DEFAULT NULL,
  `money` float(8,2) NOT NULL DEFAULT '0.00',
  `order_time` datetime NOT NULL,
  `del_flag` tinyint(1) DEFAULT '0',
  PRIMARY KEY (`order_id`),
  KEY `FK_order` (`user_id`)
) ENGINE=InnoDB AUTO_INCREMENT=99 DEFAULT CHARSET=utf8;
/*!40101 SET character_set_client = @saved_cs_client */;

--
-- Dumping data for table `order_info`
--

LOCK TABLES `order_info` WRITE;
/*!40000 ALTER TABLE `order_info` DISABLE KEYS */;
INSERT INTO `order_info` VALUES (88,195,100,10031,NULL,0.00,'2018-01-04 13:47:04',0),(89,195,6,637,NULL,0.00,'2018-01-04 16:38:42',0),(90,195,6,638,NULL,0.00,'2018-01-04 16:40:13',0),(91,195,6,639,NULL,0.00,'2018-01-04 16:40:22',0),(92,195,6,640,NULL,0.00,'2018-01-04 16:40:24',0),(93,195,6,604,NULL,0.00,'2018-01-04 17:28:52',0),(94,195,6,605,NULL,0.00,'2018-01-04 17:31:58',0),(95,195,4,0,NULL,0.00,'2018-01-04 22:20:33',0),(96,195,4,0,NULL,0.00,'2018-01-04 22:23:58',0),(97,195,4,0,NULL,0.00,'2018-01-04 22:26:03',0),(98,195,6,0,NULL,0.00,'2018-01-05 10:51:26',0);
/*!40000 ALTER TABLE `order_info` ENABLE KEYS */;
UNLOCK TABLES;

--
-- Table structure for table `reservation_info`
--

DROP TABLE IF EXISTS `reservation_info`;
/*!40101 SET @saved_cs_client     = @@character_set_client */;
/*!40101 SET character_set_client = utf8 */;
CREATE TABLE `reservation_info` (
  `reservation_id` int(11) NOT NULL AUTO_INCREMENT,
  `user_id` int(5) NOT NULL,
  `open_time` datetime NOT NULL,
  `use_time` int(5) NOT NULL,
  `user_name` varchar(10) NOT NULL,
  `phone_number` varchar(11) NOT NULL,
  `group_id` int(10) unsigned DEFAULT NULL,
  `del_flag` tinyint(1) DEFAULT '0',
  `box_id` int(5) NOT NULL,
  `box_size` char(2) NOT NULL,
  `exp_flag` tinyint(1) DEFAULT '0',
  PRIMARY KEY (`reservation_id`)
) ENGINE=InnoDB AUTO_INCREMENT=158 DEFAULT CHARSET=utf8;
/*!40101 SET character_set_client = @saved_cs_client */;

--
-- Dumping data for table `reservation_info`
--

LOCK TABLES `reservation_info` WRITE;
/*!40000 ALTER TABLE `reservation_info` DISABLE KEYS */;
INSERT INTO `reservation_info` VALUES (124,133,'2018-01-14 11:31:06',1,'jdndjdn','18875143259',2504,0,40331,'大',1),(125,133,'2018-01-14 14:22:34',6,'jdndjdn','18875143259',6,0,601,'小',1),(126,133,'2018-01-14 15:00:37',6,'jdndjdn','18875143259',2502,0,40131,'大',1),(127,133,'2018-01-14 14:15:53',1,'jdndjdn','18875143259',2506,0,40531,'大',1),(128,133,'2018-01-14 14:16:02',1,'jdndjdn','18875143259',3,0,331,'大',1),(129,133,'2018-01-14 16:57:25',1,'jdndjdn','18875143259',2506,0,40531,'大',1),(130,131,'2018-01-14 18:07:29',1,'May','15808060138',2502,0,40132,'大',1),(131,131,'2018-01-14 18:08:29',1,'May','15808060138',2502,0,40133,'大',1),(132,133,'2018-01-15 11:52:14',1,'jdndjdn','18875143259',2502,0,40131,'大',1),(133,133,'2018-01-15 12:18:22',1,'jdndjdn','18875143259',6,0,631,'大',1),(134,133,'2018-01-15 12:58:16',1,'jdndjdn','18875143259',6,0,632,'大',1),(135,133,'2018-01-15 15:16:04',1,'jdndjdn','18875143259',2503,0,40231,'大',1),(136,131,'2018-01-16 02:14:39',1,'May','15808060138',3,0,331,'大',1),(137,131,'2018-01-16 02:14:55',1,'May','15808060138',3,0,332,'大',1),(138,131,'2018-01-16 03:21:06',1,'May','15808060138',2505,0,40431,'大',1),(139,132,'2018-01-20 20:44:53',1,'jackmark','15123905611',4,0,431,'大',1),(140,132,'2018-01-20 20:44:57',1,'jackmark','15123905611',4,0,432,'大',1),(141,132,'2018-01-20 20:45:00',1,'jackmark','15123905611',4,0,433,'大',1),(142,132,'2018-01-20 20:45:00',1,'jackmark','15123905611',4,0,434,'大',1),(143,132,'2018-01-20 20:45:00',1,'jackmark','15123905611',4,0,435,'大',1),(144,132,'2018-01-20 20:45:00',1,'jackmark','15123905611',4,0,436,'大',1),(145,132,'2018-01-20 20:45:00',1,'jackmark','15123905611',4,0,437,'大',1),(146,132,'2018-01-20 20:45:23',1,'jackmark','15123905611',5,0,531,'大',1),(147,132,'2018-01-20 20:45:23',1,'jackmark','15123905611',5,0,532,'大',1),(148,132,'2018-01-20 20:45:23',1,'jackmark','15123905611',5,0,533,'大',1),(149,132,'2018-01-20 20:45:23',1,'jackmark','15123905611',5,0,534,'大',1),(150,132,'2018-01-20 20:45:23',1,'jackmark','15123905611',5,0,535,'大',1),(151,132,'2018-01-20 20:46:00',1,'jackmark','15123905611',6,0,601,'小',1),(152,132,'2018-01-20 20:46:16',1,'jackmark','15123905611',6,0,602,'小',1),(153,132,'2018-01-20 21:02:48',1,'jackmark','15123905611',10,0,1001,'小',1),(154,132,'2018-01-22 00:43:11',1,'jackmark','15123905611',6,0,601,'小',1),(155,132,'2018-01-22 00:43:11',1,'jackmark','15123905611',6,0,602,'小',1),(156,132,'2018-01-22 00:58:52',1,'jackmark','15123905611',9,0,931,'大',1),(157,132,'2018-01-22 00:58:52',1,'jackmark','15123905611',9,0,932,'大',1);
/*!40000 ALTER TABLE `reservation_info` ENABLE KEYS */;
UNLOCK TABLES;

--
-- Table structure for table `sale_info`
--

DROP TABLE IF EXISTS `sale_info`;
/*!40101 SET @saved_cs_client     = @@character_set_client */;
/*!40101 SET character_set_client = utf8 */;
CREATE TABLE `sale_info` (
  `sale_info_id` int(5) NOT NULL AUTO_INCREMENT,
  `user_id` int(11) NOT NULL,
  `box_id` int(6) NOT NULL,
  `group_id` int(4) NOT NULL,
  `pay_time` datetime NOT NULL,
  `order_time` datetime NOT NULL,
  `cost` float(8,2) NOT NULL,
  PRIMARY KEY (`sale_info_id`)
) ENGINE=InnoDB DEFAULT CHARSET=utf8;
/*!40101 SET character_set_client = @saved_cs_client */;

--
-- Dumping data for table `sale_info`
--

LOCK TABLES `sale_info` WRITE;
/*!40000 ALTER TABLE `sale_info` DISABLE KEYS */;
/*!40000 ALTER TABLE `sale_info` ENABLE KEYS */;
UNLOCK TABLES;

--
-- Table structure for table `user_info`
--

DROP TABLE IF EXISTS `user_info`;
/*!40101 SET @saved_cs_client     = @@character_set_client */;
/*!40101 SET character_set_client = utf8 */;
CREATE TABLE `user_info` (
  `user_id` int(10) unsigned NOT NULL AUTO_INCREMENT,
  `username` varchar(11) NOT NULL,
  `password` varchar(255) NOT NULL,
  `true_name` varchar(10) DEFAULT NULL,
  `phone_number` varchar(11) DEFAULT NULL,
  `sex` char(1) DEFAULT NULL,
  `email` varchar(30) DEFAULT NULL,
  `verify_code` char(6) DEFAULT NULL,
  `credibility` int(11) NOT NULL DEFAULT '100',
  `use_time` int(5) NOT NULL DEFAULT '0',
  `image` varchar(255) DEFAULT NULL,
  `taken` varchar(255) DEFAULT NULL,
  PRIMARY KEY (`user_id`,`username`),
  UNIQUE KEY `number` (`username`),
  UNIQUE KEY `phone_number` (`phone_number`)
) ENGINE=InnoDB AUTO_INCREMENT=136 DEFAULT CHARSET=utf8;
/*!40101 SET character_set_client = @saved_cs_client */;

--
-- Dumping data for table `user_info`
--

LOCK TABLES `user_info` WRITE;
/*!40000 ALTER TABLE `user_info` DISABLE KEYS */;
INSERT INTO `user_info` VALUES (131,'May','e10adc3949ba59abbe56e057f20f883e',NULL,'15808060138','男','',NULL,-1466270,0,NULL,'eyJhbGciOiJIUzI1NiJ9.eyJleHAiOjE1MTYxMjk1NTYxNTQsInVzZXJJZCI6MTMxfQ.3IV9mwh6gUA5nGRV-80s4pIYC_Wn3br4YouQjTuZfAA'),(132,'jackmark','e10adc3949ba59abbe56e057f20f883e',NULL,'15123905611','男','',NULL,-1453280,0,NULL,'eyJhbGciOiJIUzI1NiJ9.eyJleHAiOjE1MTcwNTMwNjEwNjEsInVzZXJJZCI6MTMyfQ.Zxym63VzWb2t2TeOBzOv1Qm6Drz9KDI_ZQG5k-JQUWk'),(133,'jdndjdn','96e79218965eb72c92a549dd5a330112',NULL,'18875143259','男','',NULL,-848410,0,NULL,'eyJhbGciOiJIUzI1NiJ9.eyJleHAiOjE1MTcyNzk5OTA3MTEsInVzZXJJZCI6MTMzfQ.iOd9ha1MMLEvxexqvcDJZSeSBTCcWD3pxzg3cRSyUuQ'),(134,'元sjjje','96e79218965eb72c92a549dd5a330112',NULL,'15023188039','女','',NULL,30,0,NULL,'eyJhbGciOiJIUzI1NiJ9.eyJleHAiOjE1MTU5ODc2ODA5MzMsInVzZXJJZCI6MTM0fQ.Nt7bywL1kRL1FLAkAAmRr9dUme7Csl8YzbaPao-MzRE'),(135,'zzq','e10adc3949ba59abbe56e057f20f883e',NULL,'18500944413','男','',NULL,10,0,NULL,'eyJhbGciOiJIUzI1NiJ9.eyJleHAiOjE1MTY5NTQ5NTkwMDYsInVzZXJJZCI6MTM1fQ.QvKJ27IqxW79zxxIeKmaTT9ezC6tVScw_iNa1a4-E9c');
/*!40000 ALTER TABLE `user_info` ENABLE KEYS */;
UNLOCK TABLES;

--
-- Table structure for table `verifycode`
--

DROP TABLE IF EXISTS `verifycode`;
/*!40101 SET @saved_cs_client     = @@character_set_client */;
/*!40101 SET character_set_client = utf8 */;
CREATE TABLE `verifycode` (
  `phone_number` char(11) NOT NULL,
  `verify_code` char(6) NOT NULL,
  PRIMARY KEY (`phone_number`,`verify_code`)
) ENGINE=InnoDB DEFAULT CHARSET=utf8;
/*!40101 SET character_set_client = @saved_cs_client */;

--
-- Dumping data for table `verifycode`
--

LOCK TABLES `verifycode` WRITE;
/*!40000 ALTER TABLE `verifycode` DISABLE KEYS */;
INSERT INTO `verifycode` VALUES ('15023188039','543690'),('15123905611','197348'),('15808060138','302966'),('18500944413','135992'),('18875143259','719044');
/*!40000 ALTER TABLE `verifycode` ENABLE KEYS */;
UNLOCK TABLES;
/*!40103 SET TIME_ZONE=@OLD_TIME_ZONE */;

/*!40101 SET SQL_MODE=@OLD_SQL_MODE */;
/*!40014 SET FOREIGN_KEY_CHECKS=@OLD_FOREIGN_KEY_CHECKS */;
/*!40014 SET UNIQUE_CHECKS=@OLD_UNIQUE_CHECKS */;
/*!40101 SET CHARACTER_SET_CLIENT=@OLD_CHARACTER_SET_CLIENT */;
/*!40101 SET CHARACTER_SET_RESULTS=@OLD_CHARACTER_SET_RESULTS */;
/*!40101 SET COLLATION_CONNECTION=@OLD_COLLATION_CONNECTION */;
/*!40111 SET SQL_NOTES=@OLD_SQL_NOTES */;

-- Dump completed on 2018-01-30 12:30:58
